season,avg_pm25,median_pm25,avg_temp,avg_rain,avg_wind,expected_pm25_category,expected_temperature_feel,expected_rain_condition,expected_wind_condition
Spring,76.86464635027815,60.25,15.050087211971547,0.025475543478260868,2.07081875137242,Unhealthy,Cool,Light Rain,Light Breeze
Summer,64.68723215756164,53.0,26.147404839838604,0.16604581823671496,1.5070063748902063,Moderate,Warm,Light Rain,Calm
Autumn,82.22162792564578,57.666666666666664,13.003016355558508,0.06131620115995116,1.445590563949939,Unhealthy,Cool,Light Rain,Calm
Winter,95.89276853833813,62.75,-0.34302014514756074,0.0036455098072134084,1.8969868480178385,Unhealthy,Freezing,Light Rain,Calm
