,PM2.5,PM10,SO2,NO2,CO,O3
PM2.5,1.0,0.9034232713088237,0.5166078000012329,0.7432132288060567,0.8260454597471288,-0.15341322680364813
PM10,0.9034232713088237,1.0,0.49779525516191975,0.7078863086780877,0.7311000708854057,-0.10439557403557168
SO2,0.5166078000012329,0.49779525516191975,1.0,0.5705351670745668,0.5768264338371982,-0.18581099825101796
NO2,0.7432132288060567,0.7078863086780877,0.5705351670745668,1.0,0.7802503877606277,-0.4939346210000694
CO,0.8260454597471288,0.7311000708854057,0.5768264338371982,0.7802503877606277,1.0,-0.3380214630037762
O3,-0.15341322680364813,-0.10439557403557168,-0.18581099825101796,-0.4939346210000694,-0.3380214630037762,1.0
