variable,correlation_with_pm25
PM2.5,1.0
TEMP,-0.1391193747470435
RAIN,-0.020985879737196917
WSPM,-0.3308739644291475
PRES,0.008414829902047106
DEWP,0.11189698888454466
