variable,correlation_with_pm25
PM10,0.9034232713088237
CO,0.8260454597471288
NO2,0.7432132288060567
SO2,0.5166078000012329
O3,-0.15341322680364813
