{
  "MAE": 0.5383466655782486,
  "RMSE": 2.985817388019973,
  "R2": 0.9985421202830544,
  "MAPE": 0.7146897668408039
}