Model,Accuracy,F1_Macro,F1_Weighted
Random Forest,0.9150789991020072,0.9035201190533688,0.915247830789018
LightGBM,0.8861369317768124,0.8709387445122158,0.8868359236249546
Logistic Regression,0.823046865519501,0.7957049202613792,0.8221056295638373
SGD Classifier,0.7703807975147441,0.6642730789839598,0.7202380592946412
Dummy Classifier,0.47297526879110746,0.21406798372081529,0.3037465864197691
