Model,MAE,RMSE,R2
Random Forest,9.980705045749096,17.262677900170644,0.9545003355119768
LightGBM,12.819968908143345,20.49130914837378,0.9358891890000941
Linear Regression,20.673403858306322,31.718306431494984,0.8463927051944324
SGD Regressor,20.860716759026534,31.75370730753705,0.8460496309257428
Dummy Regressor,59.40729607866256,80.92900612632494,-6.300702859451945e-07
